{
  "name": "React-Codegen",
  "version": "0.70.5",
  "summary": "Temp pod for generated files for React Native",
  "homepage": "https://facebook.com/",
  "license": "Unlicense",
  "authors": "Facebook",
  "compiler_flags": "-DFOLLY_NO_CONFIG -DFOLLY_MOBILE=1 -DFOLLY_USE_LIBCPP=1 -Wno-comma -Wno-shorten-64-to-32 -Wno-documentation -Wno-nullability-completeness -std=c++17",
  "source": {
    "http": "https://raw.githubusercontent.com/juspay/hyperswitch-pods/master/SourceFiles/React-Codegen/0.70.5/React-Codegen.zip"
  },
  "header_mappings_dir": "Codegen/generated/ios",
  "platforms": {
    "ios": "12.0"
  },
  "source_files": "Codegen/generated/ios/FBReactNativeSpec/*.{h,mm,cpp}",
  "pod_target_xcconfig": {
    "HEADER_SEARCH_PATHS": "\"$(PODS_ROOT)/boost\" \"$(PODS_ROOT)/RCT-Folly\" \"${PODS_ROOT}/Headers/Public/React-Codegen/react/renderer/components\" \"$(PODS_ROOT)/Headers/Private/React-Fabric\" \"$(PODS_ROOT)/Headers/Private/React-RCTFabric\""
  },
  "dependencies": {
    "FBReactNativeSpec": ["0.70.5"],
    "React-jsiexecutor": ["0.70.5"],
    "RCT-Folly": ["2021.07.22.00"],
    "RCTRequired": ["0.70.5"],
    "RCTTypeSafety": ["0.70.5"],
    "React-Core": ["0.70.5"],
    "React-jsi": ["0.70.5"],
    "ReactCommon/turbomodule/core": ["0.70.5"]
  }
}
